species,A,C,D,E,F,G,H,I,K,L,M,N,P,Q,R,S,T,V,W,Y
8mix1.fa,0.08869793772745653,0.004913061059441975,0.049858471492114836,0.058613020622725436,0.0253538212697129,0.11006874241811564,0.01975333602911444,0.09245855236554792,0.07879094217549534,0.07563687828548323,0.015244642135058634,0.022139102304892844,0.06568944601698343,0.02941771128184392,0.13655479175090982,0.020198139911039224,0.0236959158916296,0.06833805095026284,2.0218358269308533e-05,0.014557217953902144
8mix2.fa,0.08845531742822482,0.0014961585119288314,0.06572988273352204,0.06417306914678528,0.030145572179539018,0.1397492923574606,0.02023857662757784,0.13416902547513146,0.07978164173069148,0.05673271330367974,0.009846340477153256,0.048604933279417714,0.057035988677719376,0.014132632430246662,0.0682571775171856,0.0312778002426203,0.02507076425394258,0.05032349373230894,0.000909826122118884,0.013869793772745652
8mix3.fa,0.0997573797007683,0.0012939749292357461,0.04973716134249899,0.10996765062676912,0.024181156490093003,0.08689850384148808,0.019348968863728264,0.04520824909017388,0.06617468661544683,0.11124140719773556,0.009421754953497776,0.020218358269308533,0.060796603315810764,0.00689446016983421,0.1040436716538617,0.02217953902143146,0.03724221593206632,0.09300444803881924,0.0028305701577031944,0.029559239789729075
8mix4.fa,0.0689648200566114,0.0014557217953902145,0.05693489688637283,0.06550748079255965,0.0244035584310554,0.12498989082086535,0.012959967650626769,0.029154872624342906,0.07541447634452082,0.07804286291953093,0.008451273756570966,0.027072381722604125,0.061140315406389006,0.02994338859684593,0.09848362312980186,0.02836635665183987,0.033704003234937316,0.15315406389001213,0.0035382126971289928,0.01831783259199353
8mix5.fa,0.11847957945814801,0.0018803073190456934,0.0305701577031945,0.07272543469470279,0.03489688637282653,0.11556813586736756,0.012333198544278204,0.03898099474322685,0.06526486049332794,0.09514759401536596,0.016174686615446826,0.0367367569753336,0.05677315002021836,0.012151233319854429,0.08570562070359887,0.042074403558431055,0.046037201779215525,0.0898301657905378,0.0030125353821269713,0.025657096643752528
